PassengerId,Survived,Pclass,Name,Sex,Age,SibSp,Parch,Ticket,Fare,Cabin,Embarked
0.0022471910112359553,1.0,1.0,353,0,0.32143754712239253,0.0,0.0,669,0.015468569817999833,47,2
0.0044943820224719105,0.0,1.0,15,1,0.43453128926866047,0.0,0.0,472,0.015712553569072387,47,2
0.0056179775280898875,0.0,1.0,554,1,0.3465694898215632,0.0,0.0,275,0.01650950209357577,47,1
0.01348314606741573,0.0,1.0,729,1,0.24604171902488062,0.0,0.0,535,0.015712553569072387,47,2
0.015730337078651686,0.0,1.0,840,0,0.17064589092736868,0.0,0.0,413,0.015330377421392339,47,2
0.019101123595505618,1.0,0.5,867,1,0.3465694898215632,0.0,0.0,151,0.025374310111545468,47,2
0.021348314606741574,1.0,1.0,512,0,0.3465694898215632,0.0,0.0,184,0.014102260811993537,47,0
0.02359550561797753,1.0,0.5,80,1,0.42196531791907516,0.0,0.0,152,0.025374310111545468,111,2
0.024719101123595506,1.0,1.0,523,0,0.18321186227695402,0.0,0.0,278,0.015671954672893913,47,1
0.029213483146067417,0.0,1.0,240,1,0.3465694898215632,0.0,0.0,179,0.014102260811993537,47,0
0.03146067415730337,1.0,1.0,605,0,0.3465694898215632,0.0,0.0,283,0.01537917417160685,47,1
0.03258426966292135,0.0,1.0,813,1,0.3465694898215632,0.0,0.0,362,0.015411575213749284,47,2
0.035955056179775284,1.0,1.0,289,0,0.3465694898215632,0.0,0.0,288,0.015126992566498259,47,1
0.04044943820224719,1.0,1.0,505,1,0.3465694898215632,0.0,0.0,202,0.014110458666029575,47,0
0.04157303370786517,0.0,1.0,134,1,0.2586076903744659,0.0,0.0,514,0.015712553569072387,47,2
0.04719101123595506,0.0,1.0,446,1,0.3465694898215632,0.0,0.0,391,0.015411575213749284,47,0
0.04943820224719101,1.0,1.0,212,0,0.23347574767529528,0.0,0.0,282,0.01537917417160685,47,1
0.05056179775280899,0.0,1.0,697,1,0.3465694898215632,0.0,0.0,617,0.015712553569072387,47,2
0.052808988764044947,1.0,1.0,604,0,0.3465694898215632,0.0,0.0,76,0.015126992566498259,47,1
0.05730337078651685,0.0,1.0,594,1,0.2586076903744659,0.0,0.0,522,0.01522458606692728,47,2
0.06292134831460675,1.0,0.5,707,0,0.2586076903744659,0.0,0.0,555,0.020494635090094415,47,2
0.06404494382022471,0.0,1.0,595,1,0.35285247549635584,0.0,0.0,215,0.014110458666029575,47,0
0.06741573033707865,0.0,1.0,749,1,0.2711736617240513,0.0,0.0,197,0.014110458666029575,47,0
0.07415730337078652,1.0,0.5,596,0,0.35913546117114853,0.0,0.0,553,0.020494635090094415,142,2
0.07528089887640449,0.0,1.0,185,1,0.23347574767529528,0.0,0.0,623,0.015923941091001644,47,2
0.07865168539325842,0.0,0.5,396,1,0.39683337521990447,0.0,0.0,557,0.020494635090094415,47,2
0.08426966292134831,0.0,1.0,546,1,0.3088715757728072,0.0,0.0,347,0.014931805565640218,140,2
0.0853932584269663,0.0,1.0,778,1,0.3465694898215632,0.0,0.0,355,0.015411575213749284,47,2
0.08651685393258426,0.0,1.0,563,1,0.3465694898215632,0.0,0.0,473,0.015712553569072387,47,2
0.08876404494382023,1.0,1.0,223,0,0.37170143252073384,0.0,0.0,432,0.024349578357040744,47,2
0.0898876404494382,0.0,1.0,842,1,0.2711736617240513,0.0,0.0,304,0.017566830077223785,47,2
0.09101123595505618,1.0,1.0,737,1,0.35913546117114853,0.0,0.0,311,0.018542765081513996,47,2
0.09213483146067415,1.0,1.0,519,0,0.3465694898215632,0.0,0.0,280,0.015200187691820024,47,1
0.09438202247191012,1.0,0.5,386,0,0.20834380497612465,0.0,0.0,637,0.020494635090094415,47,2
0.09775280898876404,0.0,1.0,764,1,0.3465694898215632,0.0,0.0,652,0.015712553569072387,47,2
0.1,0.0,1.0,149,1,0.2963056044232219,0.0,0.0,297,0.015712553569072387,47,2
0.10112359550561797,0.0,1.0,159,1,0.35913546117114853,0.0,0.0,298,0.015712553569072387,47,2
0.10224719101123596,0.0,1.0,31,1,0.24604171902488062,0.0,0.0,341,0.015330377421392339,47,2
0.10674157303370786,0.0,1.0,740,1,0.3465694898215632,0.0,0.0,475,0.015712553569072387,47,2
0.11235955056179775,0.0,1.0,656,0,0.3465694898215632,0.0,0.0,384,0.015411575213749284,47,2
0.11348314606741573,0.0,1.0,658,1,0.3465694898215632,0.0,0.0,361,0.015411575213749284,47,2
0.11573033707865168,0.0,1.0,405,1,0.4093993465694898,0.0,0.0,505,0.016891873428256675,47,2
0.11797752808988764,0.0,1.0,542,1,0.3465694898215632,0.0,0.0,354,0.015411575213749284,47,2
0.11910112359550562,1.0,1.0,724,0,0.2586076903744659,0.0,0.0,296,0.014931805565640218,47,2
0.12022471910112359,1.0,1.0,559,1,0.3465694898215632,0.0,0.0,254,0.015175789316712771,47,2
0.12134831460674157,0.0,1.0,675,1,0.4722292033174164,0.0,0.0,388,0.015411575213749284,47,2
0.1258426966292135,0.0,1.0,67,1,0.2711736617240513,0.0,0.0,274,0.015712553569072387,47,2
0.12808988764044943,0.0,1.0,46,0,0.20834380497612465,0.0,0.0,176,0.028220722145058292,47,0
0.12921348314606743,0.0,1.0,645,1,0.2586076903744659,0.0,0.0,666,0.015468569817999833,47,2
0.13595505617977527,0.0,1.0,551,1,0.3465694898215632,0.0,0.0,540,0.015712553569072387,47,2
0.13820224719101123,1.0,0.5,848,0,0.40311636089469716,0.0,0.0,219,0.025374310111545468,116,2
0.14157303370786517,0.0,1.0,525,1,0.3465694898215632,0.0,0.0,463,0.015126992566498259,47,1
0.14269662921348314,1.0,1.0,499,1,0.2963056044232219,0.0,0.0,541,0.01393967004027879,47,2
0.14606741573033707,0.0,1.0,225,1,0.4093993465694898,0.0,0.0,380,0.015411575213749284,47,0
0.14719101123595504,0.0,1.0,165,1,0.24604171902488062,0.0,0.0,640,0.013760683560491965,47,2
0.15056179775280898,0.0,0.5,772,1,0.3088715757728072,0.0,0.0,552,0.025374310111545468,47,2
0.15168539325842698,0.0,0.5,685,1,0.2837396330736366,0.0,0.0,630,0.02936744577509929,47,0
0.1550561797752809,0.0,1.0,618,1,0.19577783362653933,0.0,0.0,504,0.01798980030808316,47,2
0.15842696629213482,1.0,1.0,597,0,0.2711736617240513,0.0,0.0,332,0.015126992566498259,47,2
0.16067415730337078,0.0,1.0,116,1,0.23347574767529528,0.0,0.0,438,0.013175122557917838,47,1
0.16179775280898875,0.0,0.5,32,1,0.22090977632570996,0.0,0.0,118,0.022446505098674834,47,2
0.16404494382022472,1.0,1.0,29,1,0.33400351847197784,0.0,0.0,405,0.015216388212891242,47,2
0.16741573033707866,0.0,0.5,121,1,0.5224930887157577,0.0,0.0,147,0.025374310111545468,47,2
0.17303370786516853,0.0,1.0,612,1,0.3465694898215632,0.0,0.0,573,0.014273049437744325,47,2
0.1752808988764045,1.0,1.0,287,0,0.19577783362653933,0.0,0.0,418,0.015094396337354966,47,1
0.17640449438202246,0.0,1.0,181,1,0.37170143252073384,0.0,0.0,654,0.015712553569072387,47,2
0.17752808988764046,0.0,1.0,767,1,0.3465694898215632,0.0,0.0,258,0.016908073949327893,47,2
0.18089887640449437,1.0,0.5,847,0,0.4973611460165871,0.0,0.0,559,0.030741952635141623,47,2
0.18202247191011237,0.0,1.0,82,1,0.32143754712239253,0.0,0.0,323,0.015175789316712771,47,2
0.18314606741573033,0.0,1.0,129,1,0.20834380497612465,0.0,0.0,265,0.016908073949327893,47,2
0.1943820224719101,0.0,1.0,752,1,0.2586076903744659,0.0,0.0,659,0.015468569817999833,47,2
0.2,0.0,0.5,320,1,0.37170143252073384,0.0,0.0,169,0.025374310111545468,47,2
0.20337078651685395,0.0,0.5,650,1,0.3465694898215632,0.0,0.0,629,0.02937564362913533,47,0
0.21235955056179776,0.0,1.0,823,1,0.4470972606182458,0.0,0.0,386,0.015411575213749284,47,2
0.21348314606741572,1.0,0.5,664,0,0.39683337521990447,0.0,0.0,122,0.025374310111545468,47,2
0.21460674157303372,0.0,0.5,136,1,0.23347574767529528,0.0,0.0,227,0.025374310111545468,47,2
0.2202247191011236,0.0,1.0,533,1,0.3465694898215632,0.0,0.0,452,0.015126992566498259,47,1
0.22247191011235956,1.0,1.0,497,0,0.3465694898215632,0.0,0.0,461,0.015126992566498259,47,1
0.22359550561797753,0.0,0.5,881,0,0.2963056044232219,0.0,0.0,160,0.025374310111545468,47,2
0.2247191011235955,0.0,1.0,834,1,0.3465694898215632,0.0,0.0,306,0.018542765081513996,47,2
0.22696629213483147,0.0,1.0,403,1,0.42196531791907516,0.0,0.0,242,0.012678957201736696,47,2
0.2292134831460674,1.0,1.0,166,1,0.22090977632570996,0.0,0.0,530,0.015712553569072387,47,2
0.23258426966292134,1.0,1.0,9,1,0.32143754712239253,0.0,0.0,216,0.036670757786204655,47,0
0.23370786516853934,1.0,1.0,140,0,0.19577783362653933,0.0,0.0,445,0.015126992566498259,47,1
0.23595505617977527,0.0,1.0,12,1,0.2963056044232219,0.0,0.0,642,0.013760683560491965,47,2
0.23820224719101124,0.0,1.0,649,1,0.2711736617240513,0.0,0.0,526,0.014151057562208049,47,2
0.2393258426966292,0.0,0.5,288,1,0.37170143252073384,0.0,0.0,163,0.025374310111545468,47,2
0.24269662921348314,1.0,1.0,375,0,0.33400351847197784,0.0,0.0,670,0.015468569817999833,47,2
0.24606741573033708,0.0,0.5,338,1,0.37170143252073384,0.0,0.0,679,0.020494635090094415,47,2
0.24719101123595505,1.0,1.0,791,1,0.19577783362653933,0.0,0.0,653,0.015712553569072387,47,2
0.24831460674157305,0.0,0.5,105,1,0.33400351847197784,0.0,0.0,105,0.025374310111545468,47,2
0.250561797752809,0.0,1.0,581,1,0.3465694898215632,0.0,0.0,375,0.015411575213749284,47,2
0.25280898876404495,0.0,1.0,83,1,0.2711736617240513,0.0,0.0,615,0.01824998458022693,47,2
0.2539325842696629,1.0,0.5,531,1,0.23347574767529528,0.0,0.0,672,0.020494635090094415,47,2
0.2550561797752809,0.0,1.0,492,1,0.2523247046996733,0.0,0.0,525,0.014151057562208049,47,2
0.25617977528089886,0.0,0.5,243,1,0.22090977632570996,0.0,0.0,125,0.025374310111545468,47,2
0.2595505617977528,0.0,1.0,460,1,0.35913546117114853,0.0,0.0,322,0.015175789316712771,47,2
0.26292134831460673,0.0,0.5,479,1,0.2963056044232219,0.0,0.0,554,0.020494635090094415,47,2
0.2640449438202247,0.0,1.0,329,0,0.3465694898215632,0.0,0.0,677,0.014736618564782174,47,2
0.26741573033707866,0.0,0.5,648,1,0.23347574767529528,0.0,0.0,231,0.020494635090094415,47,2
0.26853932584269663,0.0,0.5,383,1,0.4093993465694898,0.0,0.0,636,0.023959204355324663,47,2
0.27191011235955054,0.0,0.5,169,1,0.35913546117114853,0.0,0.0,674,0.020494635090094415,47,2
0.27303370786516856,0.0,1.0,500,1,0.2711736617240513,0.0,0.0,658,0.013907073811135496,47,2
0.27415730337078653,0.0,1.0,47,1,0.37170143252073384,0.0,0.0,213,0.014102260811993537,47,0
0.27640449438202247,0.0,1.0,481,0,0.3088715757728072,0.0,0.0,325,0.015175789316712771,47,2
0.2808988764044944,0.0,1.0,673,1,0.3465694898215632,0.0,0.0,422,0.014151057562208049,47,2
0.29213483146067415,0.0,1.0,771,1,0.3465694898215632,0.0,0.0,482,0.015126992566498259,47,1
0.2966292134831461,0.0,1.0,356,0,0.3465694898215632,0.0,0.0,478,0.015126992566498259,47,1
0.29775280898876405,0.0,0.5,674,1,0.4470972606182458,0.0,0.0,546,0.020494635090094415,47,2
0.30786516853932583,1.0,1.0,350,0,0.3465694898215632,0.0,0.0,465,0.015126992566498259,47,1
0.31573033707865167,0.0,1.0,614,1,0.3465694898215632,0.0,0.0,340,0.015330377421392339,47,2
0.31685393258426964,0.0,1.0,887,1,0.19577783362653933,0.0,0.0,310,0.018542765081513996,47,2
0.31797752808988766,1.0,1.0,221,1,0.23347574767529528,0.0,0.0,533,0.015712553569072387,47,2
0.3202247191011236,0.0,1.0,779,1,0.4093993465694898,0.0,0.0,378,0.016908073949327893,47,0
0.32134831460674157,1.0,1.0,886,1,0.37170143252073384,0.0,0.0,308,0.018542765081513996,47,2
0.32247191011235954,0.0,1.0,570,1,0.2711736617240513,0.0,0.0,353,0.015411575213749284,47,2
0.3235955056179775,1.0,0.5,378,1,0.5224930887157577,0.0,0.0,134,0.025374310111545468,47,2
0.32471910112359553,1.0,1.0,177,0,0.2711736617240513,0.0,0.0,464,0.015126992566498259,47,1
0.32808988764044944,0.0,0.5,477,1,0.4470972606182458,0.0,0.0,635,0.025130326360472913,90,0
0.3292134831460674,0.0,1.0,315,0,0.2963056044232219,0.0,0.0,376,0.01727404957593672,47,2
0.3303370786516854,0.0,1.0,541,1,0.2963056044232219,0.0,0.0,374,0.015411575213749284,47,2
0.3325842696629214,0.0,1.0,324,1,0.2900226187484292,0.0,0.0,212,0.014110458666029575,47,0
0.33707865168539325,1.0,1.0,431,0,0.3465694898215632,0.0,0.0,513,0.015126992566498259,47,1
0.3404494382022472,1.0,0.5,428,0,0.3465694898215632,0.0,0.0,109,0.024105594605968193,116,1
0.3415730337078652,0.0,1.0,868,1,0.3465694898215632,0.0,0.0,527,0.015712553569072387,47,2
0.35168539325842696,0.0,1.0,355,1,0.3465694898215632,0.0,0.0,382,0.015411575213749284,47,2
0.3539325842696629,1.0,1.0,590,0,0.32143754712239253,0.0,0.0,343,0.015330377421392339,47,2
0.3595505617977528,0.0,1.0,211,1,0.2711736617240513,0.0,0.0,524,0.014151057562208049,47,2
0.36067415730337077,0.0,1.0,200,1,0.33400351847197784,0.0,0.0,365,0.015411575213749284,47,2
0.36179775280898874,1.0,0.5,762,0,0.37170143252073384,0.0,0.0,124,0.024105594605968193,47,1
0.36741573033707864,1.0,0.5,60,0,0.4470972606182458,0.0,0.0,229,0.025374310111545468,90,2
0.37640449438202245,0.0,1.0,210,1,0.3465694898215632,0.0,0.0,370,0.015411575213749284,47,2
0.3842696629213483,0.0,0.5,170,1,0.3465694898215632,0.0,0.0,159,0.025374310111545468,47,2
0.3853932584269663,0.0,0.5,733,1,0.3088715757728072,0.0,0.0,149,0.025374310111545468,47,2
0.3865168539325843,0.0,0.5,262,1,0.4470972606182458,0.0,0.0,112,0.025374310111545468,47,2
0.38764044943820225,1.0,0.5,111,0,0.2963056044232219,0.0,0.0,157,0.025374310111545468,142,2
0.3887640449438202,1.0,0.5,768,0,0.4973611460165871,0.0,0.0,257,0.025374310111545468,47,2
0.3921348314606742,0.0,1.0,215,1,0.5224930887157577,0.0,0.0,262,0.016908073949327893,47,2
0.39325842696629215,0.0,1.0,608,1,0.2837396330736366,0.0,0.0,503,0.01800600082915438,47,2
0.39775280898876403,0.0,1.0,879,1,0.3465694898215632,0.0,0.0,182,0.014102260811993537,47,0
0.398876404494382,0.0,1.0,835,1,0.3465694898215632,0.0,0.0,314,0.018542765081513996,47,2
0.401123595505618,0.0,0.5,270,0,0.4722292033174164,0.0,0.0,131,0.025374310111545468,47,2
0.40224719101123596,1.0,1.0,522,0,0.3465694898215632,0.0,0.0,279,0.01537917417160685,47,1
0.40337078651685393,1.0,1.0,545,0,0.3465694898215632,0.0,0.0,285,0.01537917417160685,47,1
0.40786516853932586,0.0,1.0,40,1,0.43453128926866047,0.0,0.0,641,0.013760683560491965,47,2
0.4101123595505618,0.0,1.0,5,1,0.37170143252073384,0.0,0.0,544,0.014151057562208049,47,2
0.41235955056179774,1.0,1.0,562,0,0.3465694898215632,0.0,0.0,175,0.014110458666029575,47,0
0.4134831460674157,1.0,1.0,400,0,0.3465694898215632,0.0,0.0,78,0.015126992566498259,47,1
0.41797752808988764,0.0,1.0,75,1,0.23347574767529528,0.0,0.0,273,0.015712553569072387,47,2
0.42247191011235957,1.0,1.0,454,0,0.2711736617240513,0.0,0.0,545,0.014151057562208049,47,2
0.4247191011235955,0.0,1.0,85,1,0.24604171902488062,0.0,0.0,183,0.007831878409428937,47,0
0.4258426966292135,0.0,1.0,314,1,0.23347574767529528,0.0,0.0,324,0.015175789316712771,47,2
0.42921348314606744,0.0,1.0,811,1,0.39683337521990447,0.0,0.0,665,0.015468569817999833,47,2
0.4314606741573034,0.0,1.0,665,1,0.3465694898215632,0.0,0.0,371,0.015411575213749284,47,2
0.4348314606741573,1.0,0.5,118,0,0.4470972606182458,0.0,0.0,220,0.025374310111545468,47,2
0.43595505617977526,0.0,1.0,715,1,0.3465694898215632,0.0,0.0,447,0.015086393670319786,47,1
0.4370786516853933,1.0,0.5,468,0,0.20834380497612465,0.0,0.0,625,0.023422440102965045,47,0
0.4393258426966292,1.0,1.0,393,1,0.2586076903744659,0.0,0.0,401,0.015216388212891242,47,2
0.4438202247191011,0.0,1.0,404,1,0.2711736617240513,0.0,0.0,410,0.015216388212891242,47,2
0.4449438202247191,0.0,1.0,613,0,0.38426740387031916,0.0,0.0,414,0.015330377421392339,47,2
0.44719101123595506,0.0,0.5,623,1,0.2837396330736366,0.0,0.0,146,0.020494635090094415,47,2
0.44831460674157303,1.0,0.5,821,0,0.3465694898215632,0.0,0.0,140,0.02469115560854232,47,2
0.449438202247191,1.0,1.0,592,1,0.4847951746670017,0.0,0.0,663,0.015468569817999833,47,2
0.45056179775280897,0.0,1.0,6,1,0.32143754712239253,0.0,0.0,292,0.015712553569072387,47,2
0.45393258426966293,0.0,1.0,616,0,0.24604171902488062,0.0,0.0,267,0.016908073949327893,47,2
0.4584269662921348,0.0,1.0,88,1,0.2586076903744659,0.0,0.0,255,0.015175789316712771,47,2
0.4606741573033708,0.0,1.0,732,1,0.3465694898215632,0.0,0.0,367,0.015411575213749284,47,2
0.46179775280898877,0.0,1.0,343,1,0.3465694898215632,0.0,0.0,487,0.013386510079847098,47,1
0.4651685393258427,1.0,1.0,792,1,0.5476250314149284,0.0,0.0,655,0.015468569817999833,47,2
0.46629213483146065,0.0,1.0,528,0,0.3465694898215632,0.0,0.0,295,0.015712553569072387,47,2
0.4696629213483146,0.0,0.5,513,1,0.37170143252073384,0.0,0.0,225,0.025374310111545468,47,2
0.47191011235955055,0.0,1.0,281,1,0.3465694898215632,0.0,0.0,392,0.015411575213749284,47,0
0.4730337078651685,0.0,1.0,155,1,0.2586076903744659,0.0,0.0,534,0.015094396337354966,47,1
0.47415730337078654,0.0,1.0,884,1,0.35913546117114853,0.0,0.0,259,0.015370976317570811,47,2
0.47752808988764045,0.0,1.0,872,1,0.3465694898215632,0.0,0.0,521,0.014151057562208049,47,2
0.48089887640449436,0.0,1.0,249,1,0.3465694898215632,0.0,0.0,437,0.015126992566498259,47,1
0.4820224719101124,1.0,1.0,663,1,0.39683337521990447,0.0,0.0,644,0.015712553569072387,115,2
0.48651685393258426,0.0,1.0,420,1,0.20834380497612465,0.0,0.0,657,0.013907073811135496,47,2
0.49325842696629213,0.0,0.5,447,1,0.38426740387031916,0.0,0.0,547,0.020494635090094415,47,2
0.49550561797752807,0.0,1.0,323,1,0.24604171902488062,0.0,0.0,305,0.018542765081513996,47,2
0.49775280898876406,1.0,0.5,679,0,0.3465694898215632,0.0,0.0,116,0.025374310111545468,47,2
0.49887640449438203,1.0,1.0,402,1,0.3465694898215632,0.0,0.0,499,0.015834545444608664,47,2
0.5101123595505618,0.0,1.0,644,1,0.3465694898215632,0.0,0.0,528,0.015712553569072387,47,2
0.5112359550561798,1.0,1.0,392,1,0.35913546117114853,0.0,0.0,379,0.015411575213749284,47,0
0.5157303370786517,0.0,1.0,603,1,0.3465694898215632,0.0,0.0,468,0.015126992566498259,47,1
0.5179775280898876,0.0,1.0,557,1,0.42196531791907516,0.0,0.0,429,0.015712553569072387,47,2
0.5213483146067416,0.0,1.0,502,1,0.3465694898215632,0.0,0.0,539,0.015712553569072387,47,2
0.5224719101123596,0.0,1.0,296,1,0.4722292033174164,0.0,0.0,639,0.013760683560491965,47,2
0.5258426966292135,0.0,1.0,731,1,0.3465694898215632,0.0,0.0,421,0.015078195816283748,47,1
0.5280898876404494,0.0,1.0,430,1,0.3465694898215632,0.0,0.0,272,0.014151057562208049,47,2
0.5292134831460674,0.0,1.0,124,1,0.4722292033174164,0.0,0.0,263,0.016908073949327893,47,2
0.5314606741573034,1.0,0.5,401,0,0.2837396330736366,0.0,0.0,628,0.026919605597338588,90,0
0.5325842696629214,0.0,1.0,787,0,0.2711736617240513,0.0,0.0,509,0.019201521209409888,47,2
0.5370786516853933,0.0,1.0,425,1,0.2711736617240513,0.0,0.0,411,0.014679623960531627,47,2
0.5483146067415731,0.0,1.0,774,1,0.37170143252073384,0.0,0.0,517,0.015712553569072387,47,2
0.5516853932584269,0.0,1.0,871,1,0.2586076903744659,0.0,0.0,649,0.014151057562208049,47,2
0.5550561797752809,0.0,1.0,781,1,0.2586076903744659,0.0,0.0,518,0.015712553569072387,47,2
0.5561797752808989,0.0,1.0,880,1,0.3465694898215632,0.0,0.0,176,0.028220722145058292,47,0
0.5584269662921348,0.0,1.0,738,1,0.3465694898215632,0.0,0.0,564,0.029473237129564348,47,2
0.5606741573033708,0.0,1.0,796,1,0.2963056044232219,0.0,0.0,402,0.015216388212891242,47,2
0.5617977528089888,0.0,1.0,130,1,0.20834380497612465,0.0,0.0,261,0.016908073949327893,47,2
0.5629213483146067,0.0,1.0,133,0,0.2586076903744659,0.0,0.0,433,0.015126992566498259,47,1
0.5640449438202247,0.0,1.0,607,0,0.3465694898215632,0.0,0.0,276,0.014891206669461744,47,1
0.5651685393258427,0.0,1.0,450,0,0.4596632319678311,0.0,0.0,490,0.018713553707264782,47,2
0.5730337078651685,1.0,1.0,195,1,0.35913546117114853,0.0,0.0,479,0.015126992566498259,47,1
0.5741573033707865,0.0,1.0,849,1,0.3465694898215632,0.0,0.0,648,0.015712553569072387,47,2
0.5775280898876405,0.0,1.0,168,1,0.2963056044232219,0.0,0.0,356,0.014630827210317115,47,2
0.5797752808988764,1.0,0.5,472,0,0.42196531791907516,0.0,0.0,560,0.020494635090094415,142,2
0.5831460674157304,0.0,1.0,641,1,0.39683337521990447,0.0,0.0,381,0.015411575213749284,47,2
0.5853932584269663,0.0,1.0,841,1,0.2711736617240513,0.0,0.0,390,0.015411575213749284,47,2
0.5865168539325842,0.0,1.0,448,1,0.3465694898215632,0.0,0.0,173,0.014102260811993537,47,0
0.5887640449438202,0.0,1.0,427,1,0.3465694898215632,0.0,0.0,217,0.014110458666029575,47,0
0.5898876404494382,0.0,1.0,244,1,0.5036441316913798,0.0,0.0,446,0.015126992566498259,47,1
0.5932584269662922,0.0,1.0,725,1,0.4847951746670017,0.0,0.0,250,0.015468569817999833,47,2
0.596629213483146,0.0,1.0,818,1,0.3465694898215632,0.0,0.0,181,0.014110458666029575,47,0
0.6,0.0,1.0,123,0,0.37170143252073384,0.0,0.0,260,0.016908073949327893,47,2
0.604494382022472,0.0,1.0,692,1,0.3465694898215632,0.0,0.0,426,0.028302115124416098,47,2
0.6146067415730337,1.0,0.5,622,1,0.3465694898215632,0.0,0.0,631,0.02705779799394608,47,0
0.6202247191011236,0.0,1.0,600,1,0.3465694898215632,0.0,0.0,284,0.015281580671177828,47,1
0.6213483146067416,1.0,1.0,463,1,0.2711736617240513,0.0,0.0,171,0.014102260811993537,47,0
0.6224719101123596,1.0,1.0,609,0,0.2711736617240513,0.0,0.0,335,0.015175789316712771,47,2
0.6292134831460674,0.0,1.0,558,1,0.3465694898215632,0.0,0.0,471,0.015126992566498259,47,1
0.6303370786516854,0.0,1.0,751,1,0.4973611460165871,0.0,0.0,389,0.015411575213749284,47,2
0.6314606741573033,0.0,0.5,593,1,0.3465694898215632,0.0,0.0,103,0.026350245115835676,47,2
0.6325842696629214,0.0,1.0,746,1,0.3465694898215632,0.0,0.0,651,0.015712553569072387,47,2
0.6337078651685393,0.0,1.0,527,0,0.3465694898215632,0.0,0.0,645,0.015712553569072387,47,2
0.6359550561797753,0.0,1.0,786,1,0.23347574767529528,0.0,0.0,352,0.015411575213749284,47,2
0.6382022471910113,0.0,1.0,217,1,0.3465694898215632,0.0,0.0,207,0.014110458666029575,47,0
0.6393258426966292,1.0,1.0,416,1,0.39683337521990447,0.0,0.0,415,0.015330377421392339,47,2
0.6438202247191012,1.0,1.0,432,0,0.3465694898215632,0.0,0.0,77,0.015126992566498259,47,1
0.6449438202247191,0.0,1.0,708,1,0.19577783362653933,0.0,0.0,520,0.015712553569072387,47,2
0.6460674157303371,0.0,1.0,639,1,0.23347574767529528,0.0,0.0,420,0.028302115124416098,47,2
0.647191011235955,1.0,0.5,277,0,0.42196531791907516,0.0,0.0,143,0.025374310111545468,47,2
0.650561797752809,1.0,1.0,419,1,0.39683337521990447,0.0,0.0,661,0.015468569817999833,47,2
0.6561797752808989,0.0,1.0,640,1,0.3465694898215632,0.0,0.0,291,0.017005667449756914,47,0
0.6606741573033708,0.0,1.0,284,1,0.2711736617240513,0.0,0.0,79,0.015712553569072387,47,2
0.6617977528089888,0.0,1.0,566,1,0.3465694898215632,0.0,0.0,515,0.015712553569072387,47,2
0.6629213483146067,0.0,1.0,691,1,0.43453128926866047,0.0,0.0,656,0.013907073811135496,47,2
0.6719101123595506,0.0,1.0,98,1,0.3465694898215632,0.0,0.0,192,0.014102260811993537,47,0
0.6752808988764045,0.0,1.0,761,1,0.3465694898215632,0.0,0.0,360,0.015411575213749284,47,2
0.6775280898876405,0.0,1.0,816,1,0.5476250314149284,0.0,0.0,430,0.015712553569072387,47,2
0.6808988764044944,0.0,1.0,424,1,0.37170143252073384,0.0,0.0,385,0.015411575213749284,47,2
0.6865168539325842,0.0,1.0,394,1,0.3465694898215632,0.0,0.0,638,0.013760683560491965,47,2
0.6887640449438203,0.0,1.0,377,1,0.3465694898215632,0.0,0.0,467,0.015126992566498259,47,1
0.6898876404494382,0.0,1.0,110,1,0.43453128926866047,0.0,0.0,431,0.015712553569072387,47,2
0.6955056179775281,0.0,0.5,279,1,0.32143754712239253,0.0,0.0,253,0.020494635090094415,47,2
0.7,0.0,1.0,327,1,0.2586076903744659,0.0,0.0,400,0.015330377421392339,47,2
0.701123595505618,0.0,1.0,103,1,0.2586076903744659,0.0,0.0,495,0.031425107138144774,47,2
0.7056179775280899,0.0,1.0,96,1,0.32143754712239253,0.0,0.0,369,0.015411575213749284,47,2
0.7067415730337079,0.0,1.0,602,1,0.3465694898215632,0.0,0.0,286,0.015094396337354966,47,1
0.7134831460674157,1.0,0.5,206,0,0.3465694898215632,0.0,0.0,130,0.025374310111545468,47,2
0.7146067415730337,0.0,1.0,469,1,0.39683337521990447,0.0,0.0,664,0.015468569817999833,47,2
0.7191011235955056,0.0,1.0,397,1,0.24604171902488062,0.0,0.0,409,0.015330377421392339,47,2
0.7258426966292135,0.0,1.0,180,1,0.23347574767529528,0.0,0.0,373,0.015411575213749284,47,2
0.7280898876404495,0.0,1.0,865,1,0.3465694898215632,0.0,0.0,620,0.014736618564782174,47,2
0.7292134831460674,1.0,1.0,780,0,0.2837396330736366,0.0,0.0,567,0.014736618564782174,47,2
0.7303370786516854,0.0,1.0,544,1,0.3465694898215632,0.0,0.0,366,0.015411575213749284,47,2
0.7325842696629213,0.0,1.0,421,1,0.2586076903744659,0.0,0.0,512,0.01646070534336126,47,2
0.7337078651685394,1.0,1.0,606,0,0.3465694898215632,0.0,0.0,277,0.015281580671177828,47,1
0.7348314606741573,0.0,1.0,352,0,0.22090977632570996,0.0,0.0,439,0.013175122557917838,47,1
0.7370786516853932,0.0,1.0,671,1,0.3465694898215632,0.0,0.0,368,0.015411575213749284,47,2
0.7393258426966293,0.0,0.5,232,1,0.2837396330736366,0.0,0.0,241,0.025374310111545468,47,2
0.7426966292134831,0.0,1.0,57,1,0.4973611460165871,0.0,0.0,172,0.014102260811993537,47,0
0.744943820224719,0.0,1.0,167,1,0.4470972606182458,0.0,0.0,357,0.014630827210317115,47,2
0.748314606741573,0.0,0.5,119,1,0.3088715757728072,0.0,0.0,123,0.025374310111545468,47,2
0.749438202247191,0.0,1.0,699,1,0.3465694898215632,0.0,0.0,256,0.015175789316712771,47,2
0.750561797752809,0.0,1.0,179,1,0.5350590600653431,0.0,0.0,529,0.015712553569072387,47,2
0.7561797752808989,1.0,0.5,864,1,0.38426740387031916,0.0,0.0,145,0.025374310111545468,47,2
0.7584269662921348,0.0,1.0,231,1,0.22090977632570996,0.0,0.0,397,0.015175789316712771,47,2
0.7595505617977528,0.0,1.0,730,1,0.3025885900980146,0.0,0.0,294,0.015712553569072387,47,2
0.7606741573033707,1.0,1.0,824,0,0.22090977632570996,0.0,0.0,493,0.019209719063445922,47,2
0.7640449438202247,0.0,1.0,655,0,0.3465694898215632,0.0,0.0,281,0.01588334219482317,47,1
0.7662921348314606,0.0,1.0,615,1,0.24604171902488062,0.0,0.0,500,0.01800600082915438,47,2
0.7719101123595505,0.0,1.0,194,1,0.23347574767529528,0.0,0.0,372,0.019852079483269742,47,2
0.7730337078651686,0.0,1.0,247,1,0.22090977632570996,0.0,0.0,403,0.015216388212891242,47,2
0.7786516853932585,0.0,1.0,713,1,0.3088715757728072,0.0,0.0,200,0.014102260811993537,47,0
0.7820224719101123,0.0,1.0,433,1,0.5476250314149284,0.0,0.0,425,0.015712553569072387,47,2
0.7831460674157303,1.0,1.0,565,0,0.3465694898215632,0.0,0.0,419,0.015094396337354966,47,1
0.7853932584269663,0.0,1.0,382,1,0.5224930887157577,0.0,0.0,346,0.014931805565640218,139,2
0.7898876404494382,0.0,1.0,275,1,0.3088715757728072,0.0,0.0,449,0.01511079204542704,47,1
0.801123595505618,0.0,1.0,459,1,0.35913546117114853,0.0,0.0,506,0.018510168852370702,47,2
0.8033707865168539,0.0,1.0,773,1,0.23347574767529528,0.0,0.0,348,0.014931805565640218,140,2
0.8056179775280898,1.0,0.5,822,0,0.33400351847197784,0.0,0.0,293,0.020494635090094415,116,2
0.8067415730337079,0.0,1.0,520,1,0.3465694898215632,0.0,0.0,440,0.030253985132996517,47,1
0.8078651685393259,0.0,1.0,410,1,0.4093993465694898,0.0,0.0,319,0.015175789316712771,47,2
0.8112359550561797,0.0,0.5,286,1,0.42196531791907516,0.0,0.0,65,0.025374310111545468,47,2
0.8146067415730337,0.0,1.0,617,1,0.24604171902488062,0.0,0.0,266,0.016908073949327893,47,2
0.8168539325842696,1.0,1.0,507,0,0.3465694898215632,0.0,0.0,451,0.015102594191391002,47,1
0.8235955056179776,0.0,0.5,84,1,0.2837396330736366,0.0,0.0,228,0.025374310111545468,47,2
0.8247191011235955,0.0,0.5,820,1,0.2837396330736366,0.0,0.0,119,0.025374310111545468,47,2
0.8258426966292135,0.0,1.0,869,1,0.35285247549635584,0.0,0.0,495,0.031425107138144774,47,2
0.8292134831460675,0.0,1.0,389,1,0.3465694898215632,0.0,0.0,349,0.015411575213749284,47,2
0.8303370786516854,0.0,1.0,574,1,0.3465694898215632,0.0,0.0,364,0.015411575213749284,47,2
0.8359550561797753,1.0,1.0,788,1,0.38426740387031916,0.0,0.0,662,0.015468569817999833,47,2
0.8393258426966292,1.0,0.5,748,0,0.37170143252073384,0.0,0.0,165,0.025374310111545468,47,2
0.8415730337078652,0.0,1.0,176,1,0.38426740387031916,0.0,0.0,287,0.015126992566498259,47,1
0.8449438202247191,0.0,1.0,833,1,0.4093993465694898,0.0,0.0,312,0.018542765081513996,47,2
0.8460674157303371,0.0,1.0,415,1,0.2837396330736366,0.0,0.0,351,0.015411575213749284,47,2
0.849438202247191,0.0,1.0,138,1,0.3465694898215632,0.0,0.0,404,0.015216388212891242,47,2
0.8505617977528089,0.0,0.5,58,1,0.22090977632570996,0.0,0.0,238,0.022446505098674834,47,2
0.851685393258427,0.0,1.0,806,1,0.42196531791907516,0.0,0.0,424,0.015712553569072387,47,2
0.8539325842696629,0.0,1.0,276,1,0.3465694898215632,0.0,0.0,420,0.028302115124416098,47,2
0.8550561797752809,0.0,1.0,591,1,0.5099271173661724,0.0,0.0,646,0.013907073811135496,47,2
0.8561797752808988,1.0,1.0,62,1,0.24604171902488062,0.0,0.0,191,0.014110458666029575,47,0
0.8584269662921349,0.0,1.0,233,1,0.19577783362653933,0.0,0.0,327,0.015175789316712771,47,2
0.8617977528089887,0.0,1.0,506,0,0.37798441819552653,0.0,0.0,436,0.015126992566498259,47,1
0.8640449438202247,0.0,1.0,309,1,0.39683337521990447,0.0,0.0,511,0.016322512946753766,47,2
0.8651685393258427,0.0,1.0,480,1,0.2963056044232219,0.0,0.0,313,0.018542765081513996,47,2
0.8685393258426967,0.0,1.0,235,1,0.3465694898215632,0.0,0.0,201,0.014102260811993537,47,0
0.8707865168539326,0.0,1.0,569,1,0.22090977632570996,0.0,0.0,330,0.015126992566498259,47,2
0.8719101123595505,0.0,1.0,812,1,0.3465694898215632,0.0,0.0,481,0.015126992566498259,143,1
0.8741573033707866,0.0,1.0,438,1,0.3465694898215632,0.0,0.0,450,0.015102594191391002,47,1
0.8764044943820225,1.0,1.0,50,0,0.15807991957778336,0.0,0.0,208,0.014110458666029575,47,0
0.8808988764044944,0.0,1.0,13,1,0.3088715757728072,0.0,0.0,643,0.013760683560491965,47,2
0.8820224719101124,0.0,1.0,330,1,0.3088715757728072,0.0,0.0,474,0.014151057562208049,47,2
0.8831460674157303,1.0,1.0,753,0,0.22090977632570996,0.0,0.0,243,0.014630827210317115,47,2
0.8876404494382022,0.0,1.0,429,1,0.3465694898215632,0.0,0.0,66,0.015126992566498259,47,1
0.8921348314606742,0.0,1.0,201,1,0.3088715757728072,0.0,0.0,350,0.015411575213749284,47,2
0.8932584269662921,0.0,0.5,621,1,0.4847951746670017,0.0,0.0,223,0.025374310111545468,47,2
0.895505617977528,1.0,1.0,619,0,0.38426740387031916,0.0,0.0,383,0.016948672845506364,47,2
0.8966292134831461,0.0,1.0,384,1,0.37170143252073384,0.0,0.0,206,0.014110458666029575,47,0
0.898876404494382,0.0,0.5,666,1,0.42196531791907516,0.0,0.0,164,0.025374310111545468,47,2
0.903370786516854,1.0,1.0,351,1,0.33400351847197784,0.0,0.0,338,0.013614293309848433,47,2
0.9044943820224719,0.0,1.0,406,1,0.38426740387031916,0.0,0.0,320,0.015175789316712771,47,2
0.9067415730337078,0.0,1.0,660,0,0.22090977632570996,0.0,0.0,336,0.015175789316712771,47,2
0.9078651685393259,0.0,0.5,534,1,0.4847951746670017,0.0,0.0,154,0.025374310111545468,47,2
0.9101123595505618,0.0,1.0,10,1,0.32143754712239253,0.0,0.0,339,0.015395374692678068,47,2
0.9123595505617977,0.0,0.5,763,1,0.43453128926866047,0.0,0.0,222,0.020494635090094415,47,2
0.9146067415730337,0.0,1.0,814,1,0.37798441819552653,0.0,0.0,427,0.015712553569072387,47,2
0.9168539325842696,0.0,1.0,354,0,0.2837396330736366,0.0,0.0,671,0.015468569817999833,47,2
0.9191011235955057,0.0,1.0,371,1,0.5350590600653431,0.0,0.0,543,0.012589561555343713,47,2
0.9224719101123595,1.0,1.0,493,1,0.33400351847197784,0.0,0.0,269,0.016908073949327893,47,2
0.9269662921348315,0.0,1.0,250,1,0.3465694898215632,0.0,0.0,448,0.013565496559633922,47,1
0.9303370786516854,1.0,1.0,516,1,0.3465694898215632,0.0,0.0,442,0.015126992566498259,47,1
0.9348314606741573,0.0,1.0,712,1,0.3465694898215632,0.0,0.0,199,0.014110458666029575,47,0
0.9359550561797753,0.0,1.0,49,1,0.2837396330736366,0.0,0.0,342,0.015330377421392339,47,2
0.9370786516853933,0.0,1.0,19,1,0.22090977632570996,0.0,0.0,107,0.016200521071217493,47,2
0.9393258426966292,0.0,1.0,638,1,0.2586076903744659,0.0,0.0,268,0.016908073949327893,47,2
0.9404494382022472,0.0,1.0,750,1,0.3465694898215632,0.0,0.0,485,0.015712553569072387,47,2
0.9438202247191011,0.0,1.0,11,1,0.24604171902488062,0.0,0.0,647,0.015468569817999833,47,2
0.9449438202247191,0.0,0.5,564,1,0.19577783362653933,0.0,0.0,619,0.020494635090094415,47,2
0.9471910112359551,0.0,1.0,471,1,0.4282483035938678,0.0,0.0,205,0.012565163180236457,47,0
0.9483146067415731,0.0,1.0,189,1,0.20834380497612465,0.0,0.0,264,0.016908073949327893,47,2
0.949438202247191,0.0,1.0,0,1,0.5224930887157577,0.0,0.0,563,0.014736618564782174,47,2
0.9516853932584269,0.0,1.0,509,1,0.43453128926866047,0.0,0.0,359,0.015411575213749284,47,0
0.9651685393258427,0.0,1.0,672,1,0.3465694898215632,0.0,0.0,178,0.014110458666029575,47,0
0.9707865168539326,0.0,0.5,285,1,0.2963056044232219,0.0,0.0,120,0.025374310111545468,47,2
0.9719101123595506,1.0,0.5,122,0,0.5224930887157577,0.0,0.0,126,0.025374310111545468,47,2
0.9752808988764045,0.0,1.0,890,1,0.3465694898215632,0.0,0.0,309,0.018542765081513996,47,2
0.9775280898876404,0.0,1.0,59,1,0.32143754712239253,0.0,0.0,387,0.015411575213749284,47,2
0.9797752808988764,0.0,0.0,139,1,0.4093993465694898,0.0,0.0,502,0.009759350042902102,34,2
0.9831460674157303,1.0,1.0,571,0,0.18321186227695402,0.0,0.0,195,0.014102260811993537,47,0
0.9842696629213483,0.0,1.0,311,1,0.24604171902488062,0.0,0.0,504,0.019217721730481106,47,2
0.9853932584269663,0.0,1.0,657,1,0.23347574767529528,0.0,0.0,358,0.015411575213749284,47,2
0.9865168539325843,0.0,1.0,451,1,0.3465694898215632,0.0,0.0,363,0.015411575213749284,47,2
0.9898876404494382,0.0,1.0,510,1,0.4093993465694898,0.0,0.0,394,0.015411575213749284,47,2
0.9910112359550561,0.0,1.0,193,0,0.2711736617240513,0.0,0.0,508,0.02052723131923771,47,2
0.9921348314606742,0.0,0.5,61,1,0.3465694898215632,0.0,0.0,565,0.020494635090094415,47,2
0.9932584269662922,0.0,1.0,793,1,0.3088715757728072,0.0,0.0,650,0.013760683560491965,47,2
0.9955056179775281,0.0,0.5,548,1,0.33400351847197784,0.0,0.0,101,0.025374310111545468,47,2
1.0,0.0,1.0,220,1,0.39683337521990447,0.0,0.0,466,0.015126992566498259,47,1
